date,prediction
2021-01-06 08:30:00,14.009159
2021-01-06 08:45:00,14.0170965
2021-01-06 09:00:00,14.027025
2021-01-06 09:15:00,14.0310335
2021-01-06 09:30:00,14.035022
2021-01-06 09:45:00,14.041038
2021-01-06 10:00:00,14.036376
2021-01-06 10:15:00,14.039831
2021-01-06 10:30:00,14.034218
2021-01-06 10:45:00,14.035724
2021-01-06 11:00:00,14.028645
2021-01-06 11:15:00,14.026402
2021-01-06 11:30:00,14.021213
2021-01-06 11:45:00,14.019933
2021-01-06 12:00:00,14.018688
2021-01-06 12:15:00,14.010796
2021-01-06 12:30:00,14.003853
2021-01-06 12:45:00,13.99764
2021-01-06 13:00:00,13.991637
2021-01-06 13:15:00,13.979446
2021-01-06 13:30:00,13.980382
2021-01-06 13:45:00,13.977207
2021-01-06 14:00:00,13.964947
2021-01-06 14:15:00,13.9571295
2021-01-06 14:30:00,13.952233
2021-01-06 14:45:00,13.949238
2021-01-06 15:00:00,13.941495
2021-01-06 15:15:00,13.937112
2021-01-06 15:30:00,13.932925
2021-01-06 15:45:00,13.925289
2021-01-06 16:00:00,13.916839
2021-01-06 16:15:00,13.915353
2021-01-06 16:30:00,13.911361
2021-01-06 16:45:00,13.907428
2021-01-06 17:00:00,13.902017
2021-01-06 17:15:00,13.903113
2021-01-06 17:30:00,13.896297
2021-01-06 17:45:00,13.891887
2021-01-06 18:00:00,13.885349
2021-01-06 18:15:00,13.881851
2021-01-06 18:30:00,13.878467
2021-01-06 18:45:00,13.869186
2021-01-06 19:00:00,13.865016
2021-01-06 19:15:00,13.858991
2021-01-06 19:30:00,13.851476
2021-01-06 19:45:00,13.849441
2021-01-06 20:00:00,13.846765
2021-01-06 20:15:00,13.8385
