metric,value
model,kairos23m
eval_data,data\datasets\ori\Finland_Traffic_15T.csv
clean_data,data\datasets\ori\Finland_Traffic_15T.csv
freq,15T
term,short
prediction_length,48
windows,20
MSE[mean],2219.4796875
MSE[0.5],2219.4796875
MAE[0.5],28.325970458984376
MASE[0.5],0.6927934887796604
MAPE[0.5],0.5464687347412109
sMAPE[0.5],0.3079411906346962
MSIS,10.770261492320754
RMSE[mean],47.11135412509388
NRMSE[mean],0.3908507178050204
ND[0.5],0.23500122405780632
mean_weighted_sum_quantile_loss,0.20245955097780247
